kind,lane,case,op,sample,iterations,ns_per_op,allocations,requested_bytes,input_bytes,output_bytes
sample,lxml_typed_adapter,sensor_1,xml_read,0,24100,6243.416,,,65,0
sample,lxml_typed_adapter,sensor_1,xml_read,1,24100,6233.140,,,65,0
sample,lxml_typed_adapter,sensor_1,xml_read,2,24100,6224.820,,,65,0
sample,lxml_typed_adapter,sensor_1,xml_read,3,24100,6248.201,,,65,0
sample,lxml_typed_adapter,sensor_1,xml_read,4,24200,6211.563,,,65,0
sample,lxml_typed_adapter,sensor_1,xml_write,0,51800,2897.318,,,65,65
sample,lxml_typed_adapter,sensor_1,xml_write,1,52000,2885.683,,,65,65
sample,lxml_typed_adapter,sensor_1,xml_write,2,50800,2953.381,,,65,65
sample,lxml_typed_adapter,sensor_1,xml_write,3,51300,2924.217,,,65,65
sample,lxml_typed_adapter,sensor_1,xml_write,4,51800,2898.258,,,65,65
sample,pydantic_xml,sensor_1,xml_read,0,10700,14089.675,,,65,0
sample,pydantic_xml,sensor_1,xml_read,1,11000,13644.175,,,65,0
sample,pydantic_xml,sensor_1,xml_read,2,11800,12785.093,,,65,0
sample,pydantic_xml,sensor_1,xml_read,3,11800,12772.389,,,65,0
sample,pydantic_xml,sensor_1,xml_read,4,11500,13060.504,,,65,0
sample,pydantic_xml,sensor_1,xml_write,0,14200,10605.927,,,65,65
sample,pydantic_xml,sensor_1,xml_write,1,14300,10550.917,,,65,65
sample,pydantic_xml,sensor_1,xml_write,2,13800,10900.174,,,65,65
sample,pydantic_xml,sensor_1,xml_write,3,14100,10645.639,,,65,65
sample,pydantic_xml,sensor_1,xml_write,4,14200,10609.876,,,65,65
sample,polyxml_dataclass,sensor_1,json_read,0,45200,3320.859,,,40,0
sample,polyxml_dataclass,sensor_1,json_read,1,45300,3312.357,,,40,0
sample,polyxml_dataclass,sensor_1,json_read,2,45100,3327.649,,,40,0
sample,polyxml_dataclass,sensor_1,json_read,3,43700,3433.341,,,40,0
sample,polyxml_dataclass,sensor_1,json_read,4,44300,3387.732,,,40,0
sample,polyxml_dataclass,sensor_1,json_write,0,63600,2359.673,,,40,40
sample,polyxml_dataclass,sensor_1,json_write,1,63700,2358.237,,,40,40
sample,polyxml_dataclass,sensor_1,json_write,2,63600,2360.967,,,40,40
sample,polyxml_dataclass,sensor_1,json_write,3,63500,2363.133,,,40,40
sample,polyxml_dataclass,sensor_1,json_write,4,63300,2370.423,,,40,40
sample,xsdata_dataclass,sensor_1,json_read,0,9600,15688.380,,,40,0
sample,xsdata_dataclass,sensor_1,json_read,1,9800,15311.904,,,40,0
sample,xsdata_dataclass,sensor_1,json_read,2,9800,15376.220,,,40,0
sample,xsdata_dataclass,sensor_1,json_read,3,9800,15442.887,,,40,0
sample,xsdata_dataclass,sensor_1,json_read,4,9900,15215.141,,,40,0
sample,xsdata_dataclass,sensor_1,json_write,0,14300,10494.977,,,40,44
sample,xsdata_dataclass,sensor_1,json_write,1,15200,9890.000,,,40,44
sample,xsdata_dataclass,sensor_1,json_write,2,14600,10319.524,,,40,44
sample,xsdata_dataclass,sensor_1,json_write,3,15100,9956.288,,,40,44
sample,xsdata_dataclass,sensor_1,json_write,4,14600,10305.838,,,40,44
sample,stdlib_json_typed_adapter,sensor_1,json_read,0,81900,1831.799,,,40,0
sample,stdlib_json_typed_adapter,sensor_1,json_read,1,84100,1784.856,,,40,0
sample,stdlib_json_typed_adapter,sensor_1,json_read,2,82500,1818.924,,,40,0
sample,stdlib_json_typed_adapter,sensor_1,json_read,3,83700,1793.270,,,40,0
sample,stdlib_json_typed_adapter,sensor_1,json_read,4,82800,1813.462,,,40,0
sample,stdlib_json_typed_adapter,sensor_1,json_write,0,81000,1852.770,,,40,40
sample,stdlib_json_typed_adapter,sensor_1,json_write,1,77800,1929.204,,,40,40
sample,stdlib_json_typed_adapter,sensor_1,json_write,2,80800,1858.536,,,40,40
sample,stdlib_json_typed_adapter,sensor_1,json_write,3,81100,1851.145,,,40,40
sample,stdlib_json_typed_adapter,sensor_1,json_write,4,80800,1856.945,,,40,40
sample,polyxml_dataclass,sensor_1,xml_read,0,36200,4148.725,,,65,0
sample,polyxml_dataclass,sensor_1,xml_read,1,35600,4216.528,,,65,0
sample,polyxml_dataclass,sensor_1,xml_read,2,37000,4056.753,,,65,0
sample,polyxml_dataclass,sensor_1,xml_read,3,37000,4058.197,,,65,0
sample,polyxml_dataclass,sensor_1,xml_read,4,37300,4028.293,,,65,0
sample,polyxml_dataclass,sensor_1,xml_write,0,60800,2471.069,,,65,65
sample,polyxml_dataclass,sensor_1,xml_write,1,59900,2507.726,,,65,65
sample,polyxml_dataclass,sensor_1,xml_write,2,58600,2560.977,,,65,65
sample,polyxml_dataclass,sensor_1,xml_write,3,59700,2512.808,,,65,65
sample,polyxml_dataclass,sensor_1,xml_write,4,60800,2468.940,,,65,65
sample,xsdata_dataclass,sensor_1,xml_read,0,4100,37118.245,,,65,0
sample,xsdata_dataclass,sensor_1,xml_read,1,4100,36770.004,,,65,0
sample,xsdata_dataclass,sensor_1,xml_read,2,4100,37257.914,,,65,0
sample,xsdata_dataclass,sensor_1,xml_read,3,4000,37728.836,,,65,0
sample,xsdata_dataclass,sensor_1,xml_read,4,3900,38483.052,,,65,0
sample,xsdata_dataclass,sensor_1,xml_write,0,5000,30087.337,,,65,65
sample,xsdata_dataclass,sensor_1,xml_write,1,5000,30055.673,,,65,65
sample,xsdata_dataclass,sensor_1,xml_write,2,5000,30185.598,,,65,65
sample,xsdata_dataclass,sensor_1,xml_write,3,4900,30721.563,,,65,65
sample,xsdata_dataclass,sensor_1,xml_write,4,5100,29630.773,,,65,65
sample,stdlib_elementtree_typed_adapter,sensor_1,xml_read,0,34200,4389.951,,,65,0
sample,stdlib_elementtree_typed_adapter,sensor_1,xml_read,1,34200,4386.311,,,65,0
sample,stdlib_elementtree_typed_adapter,sensor_1,xml_read,2,34100,4400.491,,,65,0
sample,stdlib_elementtree_typed_adapter,sensor_1,xml_read,3,34500,4355.912,,,65,0
sample,stdlib_elementtree_typed_adapter,sensor_1,xml_read,4,34400,4372.368,,,65,0
sample,stdlib_elementtree_typed_adapter,sensor_1,xml_write,0,16800,8938.121,,,65,65
sample,stdlib_elementtree_typed_adapter,sensor_1,xml_write,1,16800,8973.915,,,65,65
sample,stdlib_elementtree_typed_adapter,sensor_1,xml_write,2,16000,9392.991,,,65,65
sample,stdlib_elementtree_typed_adapter,sensor_1,xml_write,3,15700,9609.344,,,65,65
sample,stdlib_elementtree_typed_adapter,sensor_1,xml_write,4,16700,8991.839,,,65,65
sample,lxml_typed_adapter,sensor_1000,xml_read,0,45,3409714.378,,,53795,0
sample,lxml_typed_adapter,sensor_1000,xml_read,1,48,3280624.958,,,53795,0
sample,lxml_typed_adapter,sensor_1000,xml_read,2,45,3432494.844,,,53795,0
sample,lxml_typed_adapter,sensor_1000,xml_read,3,45,3420976.022,,,53795,0
sample,lxml_typed_adapter,sensor_1000,xml_read,4,48,3301190.688,,,53795,0
sample,lxml_typed_adapter,sensor_1000,xml_write,0,96,1632211.448,,,53795,53795
sample,lxml_typed_adapter,sensor_1000,xml_write,1,96,1590346.406,,,53795,53795
sample,lxml_typed_adapter,sensor_1000,xml_write,2,96,1597015.573,,,53795,53795
sample,lxml_typed_adapter,sensor_1000,xml_write,3,96,1640039.229,,,53795,53795
sample,lxml_typed_adapter,sensor_1000,xml_write,4,96,1595630.781,,,53795,53795
sample,pydantic_xml,sensor_1000,xml_read,0,17,8991886.824,,,53795,0
sample,pydantic_xml,sensor_1000,xml_read,1,18,8707208.667,,,53795,0
sample,pydantic_xml,sensor_1000,xml_read,2,18,8711383.056,,,53795,0
sample,pydantic_xml,sensor_1000,xml_read,3,18,8390944.778,,,53795,0
sample,pydantic_xml,sensor_1000,xml_read,4,17,8883392.471,,,53795,0
sample,pydantic_xml,sensor_1000,xml_write,0,20,7838577.600,,,53795,53795
sample,pydantic_xml,sensor_1000,xml_write,1,20,7559846.800,,,53795,53795
sample,pydantic_xml,sensor_1000,xml_write,2,20,7571343.700,,,53795,53795
sample,pydantic_xml,sensor_1000,xml_write,3,20,8043241.400,,,53795,53795
sample,pydantic_xml,sensor_1000,xml_write,4,20,7659159.950,,,53795,53795
sample,polyxml_dataclass,sensor_1000,json_read,0,112,1377269.223,,,31792,0
sample,polyxml_dataclass,sensor_1000,json_read,1,112,1380429.009,,,31792,0
sample,polyxml_dataclass,sensor_1000,json_read,2,119,1325545.866,,,31792,0
sample,polyxml_dataclass,sensor_1000,json_read,3,112,1382129.866,,,31792,0
sample,polyxml_dataclass,sensor_1000,json_read,4,112,1413202.839,,,31792,0
sample,polyxml_dataclass,sensor_1000,json_write,0,192,790997.161,,,31792,31792
sample,polyxml_dataclass,sensor_1000,json_write,1,192,788228.109,,,31792,31792
sample,polyxml_dataclass,sensor_1000,json_write,2,204,771423.510,,,31792,31792
sample,polyxml_dataclass,sensor_1000,json_write,3,192,785748.792,,,31792,31792
sample,polyxml_dataclass,sensor_1000,json_write,4,192,817190.104,,,31792,31792
sample,xsdata_dataclass,sensor_1000,json_read,0,16,9646928.188,,,31792,0
sample,xsdata_dataclass,sensor_1000,json_read,1,16,9729151.438,,,31792,0
sample,xsdata_dataclass,sensor_1000,json_read,2,16,9662519.500,,,31792,0
sample,xsdata_dataclass,sensor_1000,json_read,3,16,9623835.500,,,31792,0
sample,xsdata_dataclass,sensor_1000,json_read,4,15,10355057.467,,,31792,0
sample,xsdata_dataclass,sensor_1000,json_write,0,42,3630197.571,,,31792,35792
sample,xsdata_dataclass,sensor_1000,json_write,1,42,3648713.167,,,31792,35792
sample,xsdata_dataclass,sensor_1000,json_write,2,42,3620219.905,,,31792,35792
sample,xsdata_dataclass,sensor_1000,json_write,3,42,3757167.476,,,31792,35792
sample,xsdata_dataclass,sensor_1000,json_write,4,42,3632076.286,,,31792,35792
sample,stdlib_json_typed_adapter,sensor_1000,json_read,0,374,421532.048,,,31792,0
sample,stdlib_json_typed_adapter,sensor_1000,json_read,1,352,435078.585,,,31792,0
sample,stdlib_json_typed_adapter,sensor_1000,json_read,2,374,413983.259,,,31792,0
sample,stdlib_json_typed_adapter,sensor_1000,json_read,3,374,419909.401,,,31792,0
sample,stdlib_json_typed_adapter,sensor_1000,json_read,4,352,436507.622,,,31792,0
sample,stdlib_json_typed_adapter,sensor_1000,json_write,0,555,285664.757,,,31792,31792
sample,stdlib_json_typed_adapter,sensor_1000,json_write,1,555,273075.717,,,31792,31792
sample,stdlib_json_typed_adapter,sensor_1000,json_write,2,481,316977.572,,,31792,31792
sample,stdlib_json_typed_adapter,sensor_1000,json_write,3,518,302133.174,,,31792,31792
sample,stdlib_json_typed_adapter,sensor_1000,json_write,4,555,286503.984,,,31792,31792
sample,polyxml_dataclass,sensor_1000,xml_read,0,96,1663078.250,,,53795,0
sample,polyxml_dataclass,sensor_1000,xml_read,1,96,1635572.906,,,53795,0
sample,polyxml_dataclass,sensor_1000,xml_read,2,96,1649419.906,,,53795,0
sample,polyxml_dataclass,sensor_1000,xml_read,3,96,1631812.781,,,53795,0
sample,polyxml_dataclass,sensor_1000,xml_read,4,90,1684677.689,,,53795,0
sample,polyxml_dataclass,sensor_1000,xml_write,0,198,774740.232,,,53795,53795
sample,polyxml_dataclass,sensor_1000,xml_write,1,198,796120.323,,,53795,53795
sample,polyxml_dataclass,sensor_1000,xml_write,2,187,825208.048,,,53795,53795
sample,polyxml_dataclass,sensor_1000,xml_write,3,209,746262.426,,,53795,53795
sample,polyxml_dataclass,sensor_1000,xml_write,4,209,744449.244,,,53795,53795
sample,xsdata_dataclass,sensor_1000,xml_read,0,11,14758790.273,,,53795,0
sample,xsdata_dataclass,sensor_1000,xml_read,1,10,16061317.200,,,53795,0
sample,xsdata_dataclass,sensor_1000,xml_read,2,11,13997144.909,,,53795,0
sample,xsdata_dataclass,sensor_1000,xml_read,3,11,13913502.273,,,53795,0
sample,xsdata_dataclass,sensor_1000,xml_read,4,11,14377351.000,,,53795,0
sample,xsdata_dataclass,sensor_1000,xml_write,0,11,13865983.909,,,53795,53795
sample,xsdata_dataclass,sensor_1000,xml_write,1,10,15375285.400,,,53795,53795
sample,xsdata_dataclass,sensor_1000,xml_write,2,11,14246994.273,,,53795,53795
sample,xsdata_dataclass,sensor_1000,xml_write,3,11,14845415.455,,,53795,53795
sample,xsdata_dataclass,sensor_1000,xml_write,4,11,14376680.727,,,53795,53795
sample,stdlib_elementtree_typed_adapter,sensor_1000,xml_read,0,120,1319034.617,,,53795,0
sample,stdlib_elementtree_typed_adapter,sensor_1000,xml_read,1,128,1215459.367,,,53795,0
sample,stdlib_elementtree_typed_adapter,sensor_1000,xml_read,2,136,1152657.537,,,53795,0
sample,stdlib_elementtree_typed_adapter,sensor_1000,xml_read,3,136,1150097.044,,,53795,0
sample,stdlib_elementtree_typed_adapter,sensor_1000,xml_read,4,136,1139792.765,,,53795,0
sample,stdlib_elementtree_typed_adapter,sensor_1000,xml_write,0,48,3315581.604,,,53795,53795
sample,stdlib_elementtree_typed_adapter,sensor_1000,xml_write,1,48,3206462.625,,,53795,53795
sample,stdlib_elementtree_typed_adapter,sensor_1000,xml_write,2,48,3234764.833,,,53795,53795
sample,stdlib_elementtree_typed_adapter,sensor_1000,xml_write,3,45,3344318.044,,,53795,53795
sample,stdlib_elementtree_typed_adapter,sensor_1000,xml_write,4,48,3219705.292,,,53795,53795
sample,lxml_typed_adapter,escaped_1000,xml_read,0,42,3710232.595,,,79795,0
sample,lxml_typed_adapter,escaped_1000,xml_read,1,40,3848561.875,,,79795,0
sample,lxml_typed_adapter,escaped_1000,xml_read,2,42,3669651.119,,,79795,0
sample,lxml_typed_adapter,escaped_1000,xml_read,3,40,3830643.375,,,79795,0
sample,lxml_typed_adapter,escaped_1000,xml_read,4,40,3857045.625,,,79795,0
sample,lxml_typed_adapter,escaped_1000,xml_write,0,90,1702018.578,,,79795,79795
sample,lxml_typed_adapter,escaped_1000,xml_write,1,90,1683607.467,,,79795,79795
sample,lxml_typed_adapter,escaped_1000,xml_write,2,90,1680759.244,,,79795,79795
sample,lxml_typed_adapter,escaped_1000,xml_write,3,90,1678580.567,,,79795,79795
sample,lxml_typed_adapter,escaped_1000,xml_write,4,85,1789406.976,,,79795,79795
sample,pydantic_xml,escaped_1000,xml_read,0,16,9546790.875,,,79795,0
sample,pydantic_xml,escaped_1000,xml_read,1,16,9432298.938,,,79795,0
sample,pydantic_xml,escaped_1000,xml_read,2,16,9584374.312,,,79795,0
sample,pydantic_xml,escaped_1000,xml_read,3,16,9598606.188,,,79795,0
sample,pydantic_xml,escaped_1000,xml_read,4,17,8982818.706,,,79795,0
sample,pydantic_xml,escaped_1000,xml_write,0,20,7666266.700,,,79795,79795
sample,pydantic_xml,escaped_1000,xml_write,1,19,7986405.895,,,79795,79795
sample,pydantic_xml,escaped_1000,xml_write,2,20,7764730.050,,,79795,79795
sample,pydantic_xml,escaped_1000,xml_write,3,20,8117780.300,,,79795,79795
sample,pydantic_xml,escaped_1000,xml_write,4,19,8270814.474,,,79795,79795
sample,polyxml_dataclass,escaped_1000,json_read,0,105,1477928.200,,,49792,0
sample,polyxml_dataclass,escaped_1000,json_read,1,105,1463796.905,,,49792,0
sample,polyxml_dataclass,escaped_1000,json_read,2,112,1404846.420,,,49792,0
sample,polyxml_dataclass,escaped_1000,json_read,3,105,1455169.800,,,49792,0
sample,polyxml_dataclass,escaped_1000,json_read,4,112,1422345.152,,,49792,0
sample,polyxml_dataclass,escaped_1000,json_write,0,198,776226.480,,,49792,49792
sample,polyxml_dataclass,escaped_1000,json_write,1,198,776370.268,,,49792,49792
sample,polyxml_dataclass,escaped_1000,json_write,2,198,779784.263,,,49792,49792
sample,polyxml_dataclass,escaped_1000,json_write,3,198,797814.404,,,49792,49792
sample,polyxml_dataclass,escaped_1000,json_write,4,198,788315.111,,,49792,49792
sample,xsdata_dataclass,escaped_1000,json_read,0,15,10129175.400,,,49792,0
sample,xsdata_dataclass,escaped_1000,json_read,1,16,9686769.750,,,49792,0
sample,xsdata_dataclass,escaped_1000,json_read,2,16,9806844.875,,,49792,0
sample,xsdata_dataclass,escaped_1000,json_read,3,16,9756204.375,,,49792,0
sample,xsdata_dataclass,escaped_1000,json_read,4,16,9852599.250,,,49792,0
sample,xsdata_dataclass,escaped_1000,json_write,0,40,3795642.575,,,49792,57792
sample,xsdata_dataclass,escaped_1000,json_write,1,42,3706072.571,,,49792,57792
sample,xsdata_dataclass,escaped_1000,json_write,2,40,3756444.300,,,49792,57792
sample,xsdata_dataclass,escaped_1000,json_write,3,42,3718638.643,,,49792,57792
sample,xsdata_dataclass,escaped_1000,json_write,4,42,3676083.095,,,49792,57792
sample,stdlib_json_typed_adapter,escaped_1000,json_read,0,288,540693.240,,,49792,0
sample,stdlib_json_typed_adapter,escaped_1000,json_read,1,288,543764.830,,,49792,0
sample,stdlib_json_typed_adapter,escaped_1000,json_read,2,288,531620.896,,,49792,0
sample,stdlib_json_typed_adapter,escaped_1000,json_read,3,288,541663.108,,,49792,0
sample,stdlib_json_typed_adapter,escaped_1000,json_read,4,288,532991.146,,,49792,0
sample,stdlib_json_typed_adapter,escaped_1000,json_write,0,493,320802.414,,,49792,49792
sample,stdlib_json_typed_adapter,escaped_1000,json_write,1,493,319622.917,,,49792,49792
sample,stdlib_json_typed_adapter,escaped_1000,json_write,2,493,316122.497,,,49792,49792
sample,stdlib_json_typed_adapter,escaped_1000,json_write,3,464,325776.782,,,49792,49792
sample,stdlib_json_typed_adapter,escaped_1000,json_write,4,464,324187.162,,,49792,49792
sample,polyxml_dataclass,escaped_1000,xml_read,0,85,1830416.706,,,79795,0
sample,polyxml_dataclass,escaped_1000,xml_read,1,90,1759378.311,,,79795,0
sample,polyxml_dataclass,escaped_1000,xml_read,2,85,1834896.035,,,79795,0
sample,polyxml_dataclass,escaped_1000,xml_read,3,85,1767016.753,,,79795,0
sample,polyxml_dataclass,escaped_1000,xml_read,4,85,1832011.365,,,79795,0
sample,polyxml_dataclass,escaped_1000,xml_write,0,187,830190.080,,,79795,89795
sample,polyxml_dataclass,escaped_1000,xml_write,1,176,852752.210,,,79795,89795
sample,polyxml_dataclass,escaped_1000,xml_write,2,187,835792.583,,,79795,89795
sample,polyxml_dataclass,escaped_1000,xml_write,3,187,839430.647,,,79795,89795
sample,polyxml_dataclass,escaped_1000,xml_write,4,187,832015.476,,,79795,89795
sample,xsdata_dataclass,escaped_1000,xml_read,0,11,14267648.273,,,79795,0
sample,xsdata_dataclass,escaped_1000,xml_read,1,11,14312128.091,,,79795,0
sample,xsdata_dataclass,escaped_1000,xml_read,2,11,14192308.909,,,79795,0
sample,xsdata_dataclass,escaped_1000,xml_read,3,11,14979840.727,,,79795,0
sample,xsdata_dataclass,escaped_1000,xml_read,4,11,14347372.000,,,79795,0
sample,xsdata_dataclass,escaped_1000,xml_write,0,11,14142696.818,,,79795,79795
sample,xsdata_dataclass,escaped_1000,xml_write,1,11,14191469.000,,,79795,79795
sample,xsdata_dataclass,escaped_1000,xml_write,2,11,14077847.818,,,79795,79795
sample,xsdata_dataclass,escaped_1000,xml_write,3,11,14154942.182,,,79795,79795
sample,xsdata_dataclass,escaped_1000,xml_write,4,11,14140638.545,,,79795,79795
sample,stdlib_elementtree_typed_adapter,escaped_1000,xml_read,0,105,1498261.676,,,79795,0
sample,stdlib_elementtree_typed_adapter,escaped_1000,xml_read,1,105,1496686.095,,,79795,0
sample,stdlib_elementtree_typed_adapter,escaped_1000,xml_read,2,105,1518669.219,,,79795,0
sample,stdlib_elementtree_typed_adapter,escaped_1000,xml_read,3,105,1435194.305,,,79795,0
sample,stdlib_elementtree_typed_adapter,escaped_1000,xml_read,4,105,1480492.305,,,79795,0
sample,stdlib_elementtree_typed_adapter,escaped_1000,xml_write,0,44,3509292.545,,,79795,79795
sample,stdlib_elementtree_typed_adapter,escaped_1000,xml_write,1,44,3532904.205,,,79795,79795
sample,stdlib_elementtree_typed_adapter,escaped_1000,xml_write,2,44,3460796.023,,,79795,79795
sample,stdlib_elementtree_typed_adapter,escaped_1000,xml_write,3,44,3460650.114,,,79795,79795
sample,stdlib_elementtree_typed_adapter,escaped_1000,xml_write,4,44,3462032.114,,,79795,79795
