operation,count,repeat,iterations,ns_per_op,bytes
xml_read,1,0,795300,314.359,65
xml_read,1,1,788400,317.125,65
xml_read,1,2,794400,314.716,65
xml_read,1,3,803300,311.238,65
xml_read,1,4,799300,313.611,65
xml_read,1,5,766900,326.015,65
xml_read,1,6,789800,316.561,65
xml_write,1,0,1448600,172.590,65
xml_write,1,1,1424300,175.529,65
xml_write,1,2,1433600,174.395,65
xml_write,1,3,1439100,173.729,65
xml_write,1,4,1441500,173.441,65
xml_write,1,5,1445400,172.974,65
xml_write,1,6,1423400,175.640,65
json_read,1,0,2893600,86.399,40
json_read,1,1,2958900,84.492,40
json_read,1,2,3084800,81.044,40
json_read,1,3,3042500,82.171,40
json_read,1,4,2863900,87.296,40
json_read,1,5,3035300,82.365,40
json_read,1,6,3059200,81.721,40
json_write,1,0,6902200,36.220,40
json_write,1,1,6863500,36.425,40
json_write,1,2,6941100,36.018,40
json_write,1,3,6952700,35.958,40
json_write,1,4,6926600,36.093,40
json_write,1,5,6893300,36.267,40
json_write,1,6,6949400,35.975,40
xml_read,1000,0,1100,234565.702,53795
xml_read,1000,1,1100,236103.058,53795
xml_read,1000,2,1100,233371.684,53795
xml_read,1000,3,1100,232632.681,53795
xml_read,1000,4,1100,233462.384,53795
xml_read,1000,5,1100,235375.129,53795
xml_read,1000,6,1100,236087.523,53795
xml_write,1000,0,3200,80047.011,53795
xml_write,1000,1,3200,80506.778,53795
xml_write,1000,2,3200,80528.736,53795
xml_write,1000,3,3200,80257.470,53795
xml_write,1000,4,3200,79730.535,53795
xml_write,1000,5,3200,79775.233,53795
xml_write,1000,6,3200,80083.359,53795
json_read,1000,0,4300,58966.840,31792
json_read,1000,1,4300,58748.036,31792
json_read,1000,2,4300,58818.102,31792
json_read,1000,3,4300,58892.167,31792
json_read,1000,4,4300,58822.587,31792
json_read,1000,5,4300,58624.143,31792
json_read,1000,6,4300,58870.936,31792
json_write,1000,0,10500,23927.814,31792
json_write,1000,1,10500,23934.693,31792
json_write,1000,2,10000,25063.577,31792
json_write,1000,3,10300,24493.627,31792
json_write,1000,4,10500,23898.855,31792
json_write,1000,5,10100,24844.458,31792
json_write,1000,6,10500,23863.931,31792
